id,seed,constituents,d_model,ffn_dim,layers,heads,head_dim,activation_granularity,target_ebops,method,control,question,config,config_sha256,status,prerequisites
A00,1,8,32,64,2,4,8,channel,350000,full-model binary-weight QAT; learned activation widths,historical R1,Accuracy-selected reference,proposed_configs/batch20260917-a00-s1.json,47d6b32422126c8faf2639ca0090135cec13a117b0d913cd619001fc4f6c4d5c,planned; not launched,common data/export/resume preflight
A01,1,8,32,64,2,4,8,tensor,350000,full-model binary-weight QAT; learned activation widths,A00,Activation granularity,proposed_configs/batch20260917-a01-s1.json,2148d9b3ae499847e8750955879b775f652284e7c825e8f45aaf8b90fd5cfe6e,planned; not launched,common data/export/resume preflight
A02,1,8,32,32,2,4,8,channel,350000,full-model binary-weight QAT; learned activation widths,A00,Smaller FFN with channel widths,proposed_configs/batch20260917-a02-s1.json,95380e213a3c9ac8d71b2878aa74d5fb4f114500f78149415f6cc873d8836bbe,planned; not launched,common data/export/resume preflight; generalize matching_initialization forward-equivalence check
A03,1,8,32,32,2,4,8,tensor,350000,full-model binary-weight QAT; learned activation widths,A01; A02,Complete granularity-by-FFN comparison,proposed_configs/batch20260917-a03-s1.json,99c3e75877e4cb5e98d98203a32c2f4bda58b9398ea4fe1ea7a391c2e3cb2aac,planned; not launched,common data/export/resume preflight
A04,1,16,32,32,2,4,8,channel,350000,full-model binary-weight QAT; learned activation widths,A02,More constituents at matched budget,proposed_configs/batch20260917-a04-s1.json,77c8342330f942234a641f8d06d2705c583cef14027f7836d5fa658a80ed541f,planned; not launched,common data/export/resume preflight; generalize matching_initialization forward-equivalence check
A05,1,32,32,32,2,4,8,channel,350000,full-model binary-weight QAT; learned activation widths,A04,Input information versus quadratic attention cost,proposed_configs/batch20260917-a05-s1.json,b78b6383770cbbd6acdd9b3c1170be77b727b0f6892942f149c894bca2421cd6,planned; not launched,common data/export/resume preflight; generalize matching_initialization forward-equivalence check
A06,1,16,16,32,2,4,4,channel,350000,full-model binary-weight QAT; learned activation widths,A04,Narrower embedding,proposed_configs/batch20260917-a06-s1.json,4b7669ef63f5a581b581efcf30875c79d0da5db31490f1297c721b9ef69274c2,planned; not launched,common data/export/resume preflight; generalize matching_initialization forward-equivalence check
A07,1,16,32,32,1,4,8,channel,350000,full-model binary-weight QAT; learned activation widths,A04,Shallower transformer,proposed_configs/batch20260917-a07-s1.json,3c604f993c275d5f510a867d2561b52ff05f66a5d37dcbe56541778118ea8501,planned; not launched,common data/export/resume preflight; generalize matching_initialization forward-equivalence check; derive binary gate and initialization expectations from architecture
A08,1,16,32,32,2,2,16,channel,350000,full-model binary-weight QAT; learned activation widths,A04,Fewer heads at fixed embedding,proposed_configs/batch20260917-a08-s1.json,bf30a6830e2e96a62d58490a866ff514cc49c5562d2ca0b7dc91b676c4176ef3,planned; not launched,common data/export/resume preflight; generalize matching_initialization forward-equivalence check
A09,1,16,32,32,2,4,8,channel,500000,full-model binary-weight QAT; learned activation widths,A04,Relieve quantization pressure,proposed_configs/batch20260917-a09-s1.json,a4bc759a2035512f204b2620c668adfcf4b7b8e5ac797ff66887e26625fcd08c,planned; not launched,common data/export/resume preflight; generalize matching_initialization forward-equivalence check
A10,1,16,32,32,2,4,8,channel,250000,full-model binary-weight QAT; learned activation widths,A04,Tighter resource target,proposed_configs/batch20260917-a10-s1.json,ca7a8bedf915545e748d78f0b3447c8080b28b853e34c694767fa76467812f56,planned; not launched,common data/export/resume preflight; generalize matching_initialization forward-equivalence check
A11,1,8,32,32,2,4,8,channel,500000,full-model binary-weight QAT; learned activation widths,A02; A09,Complete constituents-by-budget comparison,proposed_configs/batch20260917-a11-s1.json,57b150ef27a5a4557821c8a38807e9e6d84383d31d8e4e2035b4eafaf185941c,planned; not launched,common data/export/resume preflight; generalize matching_initialization forward-equivalence check
