dataset_split,signal_label,background_labels,bin_index,log_pt_left,log_pt_right,pt_left_GeV,pt_right_GeV,right_edge_inclusive,signal_count,background_count,ratio
full_dataset_diagnostic,j_q,"j_g,j_w,j_z,j_t",0,5.0709894098132828,5.1008524321663762,159.33189392089841,164.16178445909944,False,1,0,3
full_dataset_diagnostic,j_q,"j_g,j_w,j_z,j_t",1,5.1008524321663762,5.1307154545194695,164.16178445909944,169.13808537401127,False,0,0,1
full_dataset_diagnostic,j_q,"j_g,j_w,j_z,j_t",2,5.1307154545194695,5.160578476872562,169.13808537401127,174.26523486112475,False,0,0,1
full_dataset_diagnostic,j_q,"j_g,j_w,j_z,j_t",3,5.160578476872562,5.1904414992256553,174.26523486112475,179.54780565270141,False,0,0,1
full_dataset_diagnostic,j_q,"j_g,j_w,j_z,j_t",4,5.1904414992256553,5.2203045215787487,179.54780565270141,184.99050909603878,False,0,0,1
full_dataset_diagnostic,j_q,"j_g,j_w,j_z,j_t",5,5.2203045215787487,5.250167543931842,184.99050909603878,190.59819935536331,False,0,0,1
full_dataset_diagnostic,j_q,"j_g,j_w,j_z,j_t",6,5.250167543931842,5.2800305662849354,190.59819935536331,196.37587774109599,False,0,0,1
full_dataset_diagnostic,j_q,"j_g,j_w,j_z,j_t",7,5.2800305662849354,5.3098935886380279,196.37587774109599,202.32869717035283,False,0,0,1
full_dataset_diagnostic,j_q,"j_g,j_w,j_z,j_t",8,5.3098935886380279,5.3397566109911212,202.32869717035283,208.46196676265919,False,0,0,1
full_dataset_diagnostic,j_q,"j_g,j_w,j_z,j_t",9,5.3397566109911212,5.3696196333442145,208.46196676265919,214.78115657497389,False,2,0,5
full_dataset_diagnostic,j_q,"j_g,j_w,j_z,j_t",10,5.3696196333442145,5.3994826556973079,214.78115657497389,221.2919024802498,False,0,0,1
full_dataset_diagnostic,j_q,"j_g,j_w,j_z,j_t",11,5.3994826556973079,5.4293456780504012,221.2919024802498,228.00001119387926,False,1,0,3
full_dataset_diagnostic,j_q,"j_g,j_w,j_z,j_t",12,5.4293456780504012,5.4592087004034937,228.00001119387926,234.91146545250825,False,0,0,1
full_dataset_diagnostic,j_q,"j_g,j_w,j_z,j_t",13,5.4592087004034937,5.4890717227565871,234.91146545250825,242.03242934983874,False,0,0,1
full_dataset_diagnostic,j_q,"j_g,j_w,j_z,j_t",14,5.4890717227565871,5.5189347451096804,242.03242934983874,249.36925383417551,False,0,1,0.33333333333333331
full_dataset_diagnostic,j_q,"j_g,j_w,j_z,j_t",15,5.5189347451096804,5.5487977674627738,249.36925383417551,256.92848237262422,False,0,0,1
full_dataset_diagnostic,j_q,"j_g,j_w,j_z,j_t",16,5.5487977674627738,5.5786607898158671,256.92848237262422,264.71685678698952,False,0,0,1
full_dataset_diagnostic,j_q,"j_g,j_w,j_z,j_t",17,5.5786607898158671,5.6085238121689596,264.71685678698952,272.74132326657906,False,2,0,5
full_dataset_diagnostic,j_q,"j_g,j_w,j_z,j_t",18,5.6085238121689596,5.6383868345220529,272.74132326657906,281.0090385632771,False,1,0,3
full_dataset_diagnostic,j_q,"j_g,j_w,j_z,j_t",19,5.6383868345220529,5.6682498568751463,281.0090385632771,289.52737637440958,False,0,0,1
full_dataset_diagnostic,j_q,"j_g,j_w,j_z,j_t",20,5.6682498568751463,5.6981128792282396,289.52737637440958,298.30393391909786,False,1,3,0.42857142857142855
full_dataset_diagnostic,j_q,"j_g,j_w,j_z,j_t",21,5.6981128792282396,5.727975901581333,298.30393391909786,307.34653871396262,False,0,0,1
full_dataset_diagnostic,j_q,"j_g,j_w,j_z,j_t",22,5.727975901581333,5.7578389239344254,307.34653871396262,316.66325555422264,False,2,1,1.6666666666666667
full_dataset_diagnostic,j_q,"j_g,j_w,j_z,j_t",23,5.7578389239344254,5.7877019462875188,316.66325555422264,326.26239370641576,False,2,2,1
full_dataset_diagnostic,j_q,"j_g,j_w,j_z,j_t",24,5.7877019462875188,5.8175649686406121,326.26239370641576,336.15251431915237,False,2,2,1
full_dataset_diagnostic,j_q,"j_g,j_w,j_z,j_t",25,5.8175649686406121,5.8474279909937055,336.15251431915237,346.34243805851742,False,2,1,1.6666666666666667
full_dataset_diagnostic,j_q,"j_g,j_w,j_z,j_t",26,5.8474279909937055,5.8772910133467988,346.34243805851742,356.84125297492574,False,1,1,1
full_dataset_diagnostic,j_q,"j_g,j_w,j_z,j_t",27,5.8772910133467988,5.9071540356998913,356.84125297492574,367.65832260844803,False,3,3,1
full_dataset_diagnostic,j_q,"j_g,j_w,j_z,j_t",28,5.9071540356998913,5.9370170580529846,367.65832260844803,378.80329433983906,False,0,5,0.090909090909090912
full_dataset_diagnostic,j_q,"j_g,j_w,j_z,j_t",29,5.9370170580529846,5.966880080406078,378.80329433983906,390.28610799471022,False,2,6,0.38461538461538464
full_dataset_diagnostic,j_q,"j_g,j_w,j_z,j_t",30,5.966880080406078,5.9967431027591713,390.28610799471022,402.11700470852696,False,5,5,1
full_dataset_diagnostic,j_q,"j_g,j_w,j_z,j_t",31,5.9967431027591713,6.0266061251122647,402.11700470852696,414.3065360603332,False,8,10,0.80952380952380953
full_dataset_diagnostic,j_q,"j_g,j_w,j_z,j_t",32,6.0266061251122647,6.0564691474653571,414.3065360603332,426.86557348334929,False,13,16,0.81818181818181823
full_dataset_diagnostic,j_q,"j_g,j_w,j_z,j_t",33,6.0564691474653571,6.0863321698184505,426.86557348334929,439.80531796083943,False,8,14,0.58620689655172409
full_dataset_diagnostic,j_q,"j_g,j_w,j_z,j_t",34,6.0863321698184505,6.1161951921715438,439.80531796083943,453.13731001588985,False,4,29,0.15254237288135594
full_dataset_diagnostic,j_q,"j_g,j_w,j_z,j_t",35,6.1161951921715438,6.1460582145246372,453.13731001588985,466.87344000401492,False,14,21,0.67441860465116277
full_dataset_diagnostic,j_q,"j_g,j_w,j_z,j_t",36,6.1460582145246372,6.1759212368777305,466.87344000401492,481.02595871776504,False,10,34,0.30434782608695654
full_dataset_diagnostic,j_q,"j_g,j_w,j_z,j_t",37,6.1759212368777305,6.205784259230823,481.02595871776504,495.60748831279625,False,19,36,0.53424657534246578
full_dataset_diagnostic,j_q,"j_g,j_w,j_z,j_t",38,6.205784259230823,6.2356472815839163,495.60748831279625,510.63103356514819,False,28,53,0.53271028037383172
full_dataset_diagnostic,j_q,"j_g,j_w,j_z,j_t",39,6.2356472815839163,6.2655103039370097,510.63103356514819,526.10999346976428,False,37,60,0.6198347107438017
full_dataset_diagnostic,j_q,"j_g,j_w,j_z,j_t",40,6.2655103039370097,6.295373326290103,526.10999346976428,542.05817319060623,False,42,75,0.5629139072847682
full_dataset_diagnostic,j_q,"j_g,j_w,j_z,j_t",41,6.295373326290103,6.3252363486431964,542.05817319060623,558.48979637301579,False,46,88,0.52542372881355937
full_dataset_diagnostic,j_q,"j_g,j_w,j_z,j_t",42,6.3252363486431964,6.3550993709962889,558.48979637301579,575.4195178293046,False,71,112,0.63555555555555554
full_dataset_diagnostic,j_q,"j_g,j_w,j_z,j_t",43,6.3550993709962889,6.3849623933493822,575.4195178293046,592.86243660889136,False,76,185,0.41239892183288412
full_dataset_diagnostic,j_q,"j_g,j_w,j_z,j_t",44,6.3849623933493822,6.4148254157024756,592.86243660889136,610.83410946463289,False,82,189,0.43535620052770446
full_dataset_diagnostic,j_q,"j_g,j_w,j_z,j_t",45,6.4148254157024756,6.4446884380555689,610.83410946463289,629.35056472737119,False,109,230,0.47505422993492408
full_dataset_diagnostic,j_q,"j_g,j_w,j_z,j_t",46,6.4446884380555689,6.4745514604086623,629.35056472737119,648.42831660106265,False,147,318,0.46310832025117737
full_dataset_diagnostic,j_q,"j_g,j_w,j_z,j_t",47,6.4745514604086623,6.5044144827617547,648.42831660106265,668.08437989123991,False,180,363,0.49656121045392021
full_dataset_diagnostic,j_q,"j_g,j_w,j_z,j_t",48,6.5044144827617547,6.5342775051148481,668.08437989123991,688.33628517994862,False,187,499,0.37537537537537535
full_dataset_diagnostic,j_q,"j_g,j_w,j_z,j_t",49,6.5342775051148481,6.5641405274679414,688.33628517994862,709.20209446067929,False,251,557,0.45112107623318387
full_dataset_diagnostic,j_q,"j_g,j_w,j_z,j_t",50,6.5641405274679414,6.5940035498210348,709.20209446067929,730.70041724725559,False,308,710,0.434201266713582
full_dataset_diagnostic,j_q,"j_g,j_w,j_z,j_t",51,6.5940035498210348,6.6238665721741281,730.70041724725559,752.85042717103249,False,390,984,0.39664804469273746
full_dataset_diagnostic,j_q,"j_g,j_w,j_z,j_t",52,6.6238665721741281,6.6537295945272206,752.85042717103249,775.67187908121366,False,517,1360,0.38037486218302097
full_dataset_diagnostic,j_q,"j_g,j_w,j_z,j_t",53,6.6537295945272206,6.6835926168803139,775.67187908121366,799.18512666353956,False,552,1619,0.34115467736955851
full_dataset_diagnostic,j_q,"j_g,j_w,j_z,j_t",54,6.6835926168803139,6.7134556392334073,799.18512666353956,823.41114059305164,False,804,2447,0.32870275791624104
full_dataset_diagnostic,j_q,"j_g,j_w,j_z,j_t",55,6.7134556392334073,6.7433186615865006,823.41114059305164,848.37152723713507,False,1120,3451,0.3246414602346806
full_dataset_diagnostic,j_q,"j_g,j_w,j_z,j_t",56,6.7433186615865006,6.773181683939594,848.37152723713507,874.08854792551062,False,1503,5572,0.26980708838043965
full_dataset_diagnostic,j_q,"j_g,j_w,j_z,j_t",57,6.773181683939594,6.8030447062926864,874.08854792551062,900.58513880436567,False,2266,8930,0.25379318067297463
full_dataset_diagnostic,j_q,"j_g,j_w,j_z,j_t",58,6.8030447062926864,6.8329077286457798,900.58513880436567,927.88493129233507,False,3648,15448,0.23617179661455806
full_dataset_diagnostic,j_q,"j_g,j_w,j_z,j_t",59,6.8329077286457798,6.8627707509988731,927.88493129233507,956.01227315656399,False,7490,27384,0.27353064689879314
full_dataset_diagnostic,j_q,"j_g,j_w,j_z,j_t",60,6.8627707509988731,6.8926337733519665,956.01227315656399,984.99225022766643,False,18962,54829,0.34584484629624562
full_dataset_diagnostic,j_q,"j_g,j_w,j_z,j_t",61,6.8926337733519665,6.9224967957050598,984.99225022766643,1014.850708772933,False,49893,161262,0.30939307030462754
full_dataset_diagnostic,j_q,"j_g,j_w,j_z,j_t",62,6.9224967957050598,6.9523598180581523,1014.850708772933,1045.6142785477473,False,40029,170172,0.2352289588505781
full_dataset_diagnostic,j_q,"j_g,j_w,j_z,j_t",63,6.9523598180581523,6.9822228404112456,1045.6142785477473,1077.3103965457726,False,18145,81455,0.22276580464179829
full_dataset_diagnostic,j_q,"j_g,j_w,j_z,j_t",64,6.9822228404112456,7.012085862764339,1077.3103965457726,1109.9673314690797,False,8592,44351,0.19373640124911221
full_dataset_diagnostic,j_q,"j_g,j_w,j_z,j_t",65,7.012085862764339,7.0419488851174323,1109.9673314690797,1143.6142089400541,False,4925,29373,0.16768515839106679
full_dataset_diagnostic,j_q,"j_g,j_w,j_z,j_t",66,7.0419488851174323,7.0718119074705257,1143.6142089400541,1178.2810374775597,False,3136,21517,0.14576507493900315
full_dataset_diagnostic,j_q,"j_g,j_w,j_z,j_t",67,7.0718119074705257,7.1016749298236181,1178.2810374775597,1213.9987352605267,False,2077,16574,0.12534314760626264
full_dataset_diagnostic,j_q,"j_g,j_w,j_z,j_t",68,7.1016749298236181,7.1315379521767124,1213.9987352605267,1250.7991577028408,False,1452,12716,0.11422168049384658
full_dataset_diagnostic,j_q,"j_g,j_w,j_z,j_t",69,7.1315379521767124,7.1614009745298048,1250.7991577028408,1288.7151258641043,False,1001,10082,0.099330523183734198
full_dataset_diagnostic,j_q,"j_g,j_w,j_z,j_t",70,7.1614009745298048,7.1912639968828982,1288.7151258641043,1327.7804557216514,False,732,8071,0.090751409279563891
full_dataset_diagnostic,j_q,"j_g,j_w,j_z,j_t",71,7.1912639968828982,7.2211270192359915,1327.7804557216514,1368.029988329869,False,500,6205,0.080654258319232938
full_dataset_diagnostic,j_q,"j_g,j_w,j_z,j_t",72,7.2211270192359915,7.250990041589084,1368.029988329869,1409.4996208937662,False,388,4973,0.078114004222378602
full_dataset_diagnostic,j_q,"j_g,j_w,j_z,j_t",73,7.250990041589084,7.2808530639421782,1409.4996208937662,1452.2263387844901,False,269,3996,0.067434004754159893
full_dataset_diagnostic,j_q,"j_g,j_w,j_z,j_t",74,7.2808530639421782,7.3107160862952707,1452.2263387844901,1496.2482485253202,False,258,3026,0.085412192301338175
full_dataset_diagnostic,j_q,"j_g,j_w,j_z,j_t",75,7.3107160862952707,7.340579108648364,1496.2482485253202,1541.6046117776148,False,121,2315,0.05247246814942777
full_dataset_diagnostic,j_q,"j_g,j_w,j_z,j_t",76,7.340579108648364,7.3704421310014574,1541.6046117776148,1588.3358803569508,False,95,1818,0.05251580973329667
full_dataset_diagnostic,j_q,"j_g,j_w,j_z,j_t",77,7.3704421310014574,7.4003051533545499,1588.3358803569508,1636.4837323107447,False,58,1423,0.041095890410958902
full_dataset_diagnostic,j_q,"j_g,j_w,j_z,j_t",78,7.4003051533545499,7.4301681757076441,1636.4837323107447,1686.0911090895072,False,44,1096,0.040583675330597355
full_dataset_diagnostic,j_q,"j_g,j_w,j_z,j_t",79,7.4301681757076441,7.4600311980607366,1686.0911090895072,1737.2022538448632,False,27,920,0.029875067897881587
full_dataset_diagnostic,j_q,"j_g,j_w,j_z,j_t",80,7.4600311980607366,7.4898942204138299,1737.2022538448632,1789.8627508885522,False,8,595,0.014273719563392108
full_dataset_diagnostic,j_q,"j_g,j_w,j_z,j_t",81,7.4898942204138299,7.5197572427669233,1789.8627508885522,1844.1195663475266,False,6,492,0.013197969543147208
full_dataset_diagnostic,j_q,"j_g,j_w,j_z,j_t",82,7.5197572427669233,7.5496202651200157,1844.1195663475266,1900.0210900514685,False,0,356,0.0014025245441795231
full_dataset_diagnostic,j_q,"j_g,j_w,j_z,j_t",83,7.5496202651200157,7.57948328747311,1900.0210900514685,1957.6171786900575,False,3,240,0.014553014553014554
full_dataset_diagnostic,j_q,"j_g,j_w,j_z,j_t",84,7.57948328747311,7.6093463098262024,1957.6171786900575,2016.9592002784575,False,1,177,0.0084507042253521118
full_dataset_diagnostic,j_q,"j_g,j_w,j_z,j_t",85,7.6093463098262024,7.6392093321792958,2016.9592002784575,2078.1000799707481,False,0,129,0.0038610038610038611
full_dataset_diagnostic,j_q,"j_g,j_w,j_z,j_t",86,7.6392093321792958,7.6690723545323891,2078.1000799707481,2141.0943472620693,False,0,92,0.0054054054054054057
full_dataset_diagnostic,j_q,"j_g,j_w,j_z,j_t",87,7.6690723545323891,7.6989353768854816,2141.0943472620693,2205.9981846216533,False,0,65,0.0076335877862595417
full_dataset_diagnostic,j_q,"j_g,j_w,j_z,j_t",88,7.6989353768854816,7.7287983992385758,2205.9981846216533,2272.8694776000871,False,0,53,0.0093457943925233638
full_dataset_diagnostic,j_q,"j_g,j_w,j_z,j_t",89,7.7287983992385758,7.7586614215916683,2272.8694776000871,2341.7678664554674,False,0,38,0.012987012987012988
full_dataset_diagnostic,j_q,"j_g,j_w,j_z,j_t",90,7.7586614215916683,7.7885244439447616,2341.7678664554674,2412.7547993445705,False,0,27,0.018181818181818181
full_dataset_diagnostic,j_q,"j_g,j_w,j_z,j_t",91,7.7885244439447616,7.818387466297855,2412.7547993445705,2485.8935871263743,False,0,23,0.021276595744680851
full_dataset_diagnostic,j_q,"j_g,j_w,j_z,j_t",92,7.818387466297855,7.8482504886509474,2485.8935871263743,2561.2494598268945,False,0,7,0.066666666666666666
full_dataset_diagnostic,j_q,"j_g,j_w,j_z,j_t",93,7.8482504886509474,7.8781135110040417,2561.2494598268945,2638.8896248156584,False,0,9,0.052631578947368418
full_dataset_diagnostic,j_q,"j_g,j_w,j_z,j_t",94,7.8781135110040417,7.9079765333571341,2638.8896248156584,2718.8833267456766,False,0,4,0.1111111111111111
full_dataset_diagnostic,j_q,"j_g,j_w,j_z,j_t",95,7.9079765333571341,7.9378395557102275,2718.8833267456766,2801.3019093104517,False,0,8,0.058823529411764705
full_dataset_diagnostic,j_q,"j_g,j_w,j_z,j_t",96,7.9378395557102275,7.9677025780633208,2801.3019093104517,2886.2188788729932,False,0,1,0.33333333333333331
full_dataset_diagnostic,j_q,"j_g,j_w,j_z,j_t",97,7.9677025780633208,7.9975656004164133,2886.2188788729932,2973.7099700236836,False,0,3,0.14285714285714285
full_dataset_diagnostic,j_q,"j_g,j_w,j_z,j_t",98,7.9975656004164133,8.0274286227695075,2973.7099700236836,3063.8532131254219,False,0,2,0.20000000000000001
full_dataset_diagnostic,j_q,"j_g,j_w,j_z,j_t",99,8.0274286227695075,8.0572916451226,3063.8532131254219,3156.7290039062527,True,0,2,0.20000000000000001
