dataset_split,signal_label,n_jets,signal_count,background_count,bin_count_sum,weight_hist_count_sum,empty_both_bins,zero_background_bins,ratio_min,ratio_max,jet_weight_min,jet_weight_max,balanced_signal_factor_NOT_APPLIED,balanced_background_factor_NOT_APPLIED,count_and_alignment_checks
full_dataset_diagnostic,j_g,880000,177252,702748,880000,880000,15,19,0.065688236377721865,9,0.065688236377721865,9,2.4823415250603662,0.62611348591529259,PASS
full_dataset_diagnostic,j_q,880000,170679,709321,880000,880000,15,20,0.0014025245441795231,5,0.0084507042253521118,5,2.577938703648369,0.62031153737165545,PASS
full_dataset_diagnostic,j_w,880000,177172,702828,880000,880000,15,16,0.0010741138560687433,3,0.0018575851393188853,3,2.4834623981215995,0.62604221801066551,PASS
full_dataset_diagnostic,j_z,880000,176952,703048,880000,880000,15,15,0.00049091801669121256,1,0.0013329778725673154,1,2.4865500248655001,0.6258463149031076,PASS
full_dataset_diagnostic,j_t,880000,177945,702055,880000,880000,15,15,0.023255813953488372,1.4815801442401404,0.023255813953488372,1.4815801442401404,2.4726741408862289,0.62673152388345643,PASS
training_only_seed1,j_g,496000,99954,396046,496000,496000,10,17,0.067588124898714519,8.4492753623188399,0.067588124898714519,8.4492753623188399,2.4811413250095042,0.62618988703332445,PASS
training_only_seed1,j_q,496000,96402,399598,496000,496000,10,14,0.0027700831024930748,5,0.0095846645367412137,5,2.5725607352544553,0.62062372684547973,PASS
training_only_seed1,j_w,496000,99919,396081,496000,496000,10,10,0.00051413881748071976,1,0.001633453119895459,1,2.4820104284470421,0.6261345532858178,PASS
training_only_seed1,j_z,496000,99657,396343,496000,496000,10,10,0.00093370681605975728,1,0.0020993701889433169,1,2.4885356773733909,0.62572065105224517,PASS
training_only_seed1,j_t,496000,100068,395932,496000,496000,10,10,0.020664869721473494,1.48404076604323,0.020664869721473494,1.48404076604323,2.4783147459727384,0.62637018477920448,PASS
