source_split,file_index,file,file_bytes,rows,source_row_start,source_row_stop_exclusive,pt_column_index,label_column_indices,pt_float64_sha256,labels_with_undef_raw_sha256
train,0,train/jetImage_0_150p_0_10000.h5,48473320,10000,0,10000,1,"[53, 54, 55, 56, 57]",c63084a549c884d38ca12ccd80e93ebfdeb38629279e22da5590663be964c0d1,04aadb19f9c5db17fb5abf613de311a699213e3a79e7db9607fd0a7eb8269953
train,1,train/jetImage_0_150p_10000_20000.h5,48012928,10000,10000,20000,1,"[53, 54, 55, 56, 57]",82f087a7c42647209005f5dc6cdecfbf2f50222a938007a53f9adf1a35523137,09170c6134039fcda2bc8fc4a8f949ac445cb04c179e308a99a9c12853717086
train,2,train/jetImage_0_150p_20000_30000.h5,48234123,10000,20000,30000,1,"[53, 54, 55, 56, 57]",595e8810308946690fa2ef78f1ebb5c1c4c44fb360d91181594231b455ecba65,070be4720cc30ef8d32c2aa3d1fcf2c35e5f9c56760927a4f45615368d6ce545
train,3,train/jetImage_0_150p_30000_40000.h5,48116877,10000,30000,40000,1,"[53, 54, 55, 56, 57]",e79127a7966ab013f1dd25a1aabd85abc064c692dec65e72950252d1779bccb5,defc8c1410f3c1a6602e7b34d28f4bcd69bddcd6346df9894f792c6a1dbb081d
train,4,train/jetImage_0_150p_40000_50000.h5,48145343,10000,40000,50000,1,"[53, 54, 55, 56, 57]",45cca47de56f491ee894af15f7026544611b644d90fe1fa21ce5b7b970f4ce27,cc9fc718ae69494c68fb124985d3abe40ea91c32eb05a2efb9cdc717880d63ee
train,5,train/jetImage_0_150p_50000_60000.h5,48055191,10000,50000,60000,1,"[53, 54, 55, 56, 57]",a81ab0054ae373a0d3247e3a36300b233daba47f01450a884f9abaf03f4cb917,2f73321632ba3d608278d57a4b6c094d0ecee3c9f48f60653bfa5d986c2a8cba
train,6,train/jetImage_0_150p_60000_70000.h5,48151345,10000,60000,70000,1,"[53, 54, 55, 56, 57]",3e5532d46aea6ddec384be2ac11e68f7a4fc95a016a8d4795759fcba84b0f4d5,4c1f7bb40c84c171e4a064ffb3260e56a955d93eeea410fbb01d602488599f29
train,7,train/jetImage_0_150p_70000_80000.h5,48089729,10000,70000,80000,1,"[53, 54, 55, 56, 57]",d36d7785bbe5b89bf889d41136cb9a1bff465c5ecc8646410104e4c79f55dd49,51e2223109ce835caf1a9d7f5a503a5ba42afcc466b442fffd169d4ce760af66
train,8,train/jetImage_0_150p_80000_90000.h5,48075017,10000,80000,90000,1,"[53, 54, 55, 56, 57]",f091d272cc9b5f348cfc7fd1291ff92f66ca9bcfd7b69baa207c8c10ed0e6962,1c88f5dbe147fdd62c75742cb2350df808902ab1abe5046f4ee5cf7e4adc3938
train,9,train/jetImage_1_150p_0_10000.h5,48458590,10000,90000,100000,1,"[53, 54, 55, 56, 57]",910c5fc093d0d80a464da7d1817f91f87b68a14e338247fa068eb810551fc68d,628a1bb5aaebb19a668418aea7b87a7ad93a529c8d060c87d9398bbf23c29a69
train,10,train/jetImage_1_150p_10000_20000.h5,48243881,10000,100000,110000,1,"[53, 54, 55, 56, 57]",c69730cf513c0a987d88d0a5bc4cc22672ddcc0d8e33969930301f402db882f1,829042c05753e3a94fdc0136a7bacc28c33a5e9de38a661c2cd4755e6812b067
train,11,train/jetImage_1_150p_20000_30000.h5,47996464,10000,110000,120000,1,"[53, 54, 55, 56, 57]",22714ed9e3992583d1e10400b4324df07521b22cdb1a5574f797a919327a371a,b4abdbe34ffad61fe8910a997897be17fcbf7158fc4d8747b3a32cf3b5f8fd2d
train,12,train/jetImage_1_150p_30000_40000.h5,47960741,10000,120000,130000,1,"[53, 54, 55, 56, 57]",ad22684c431f428cc6379df54b24dc16a34967b8e6cef31a33bceca80bf81fd9,6832206a5e1ff835ef82fcfb0241101768a73f4b6bca4462831c4da7e14f4575
train,13,train/jetImage_1_150p_40000_50000.h5,48071997,10000,130000,140000,1,"[53, 54, 55, 56, 57]",23df8ee13b9bdb78038d379949e57c9aea56b1caab8a0d024036314fc9db83c9,ce96f9152ff417115c7d665b4233f9c8b16094336db4e02ab912ea0553b6bdd5
train,14,train/jetImage_1_150p_50000_60000.h5,48264893,10000,140000,150000,1,"[53, 54, 55, 56, 57]",986b71d539c2ff4d32be066e489af1781421c3aff57ba9c50c1a67adef1b4567,20973f944c53f2cd15ea0aa6e7795bd6433728b05b14f48a2368d2cf8b839c12
train,15,train/jetImage_1_150p_60000_70000.h5,48147567,10000,150000,160000,1,"[53, 54, 55, 56, 57]",7bba64b5c848d696c067ddbe6c397c75e0104d397ef67e66ed9fc0b5b224074d,aa2a6772472bee77777382ad53d25b08c716544964a32ed5f33e9782465a6856
train,16,train/jetImage_1_150p_70000_80000.h5,48136975,10000,160000,170000,1,"[53, 54, 55, 56, 57]",6d9d4d4dd8c54d9ea68f69206911a83f9b765f66e9150fdc7845b6ddde48e12f,e82c58314c6dccf556559ed5f26664067d07fe395c384158a7eebdc0eaa98a81
train,17,train/jetImage_1_150p_80000_90000.h5,47944448,10000,170000,180000,1,"[53, 54, 55, 56, 57]",3f4b95b35df644168d5320a4abe153f23d2bf1edd578f3c832687a0ef0fba41e,cf0767cfb139411ecd8c728ebd201b356af52527843ede989a830fe3cf4c5cae
train,18,train/jetImage_2_150p_0_10000.h5,48289735,10000,180000,190000,1,"[53, 54, 55, 56, 57]",a72b94da03dfcfd509d195006149be3b43e4d8553512924d54e73e3e654d1919,2a9d88fbd301a9d0e36290266ad28e6c855a50a696b1b5747851375dc77b35c7
train,19,train/jetImage_2_150p_10000_20000.h5,47968659,10000,190000,200000,1,"[53, 54, 55, 56, 57]",34e120101d452d611cd8b1fad7e5f01a8832be4d3738d6ce057e7040998e8f00,ba5af84d7f21850985c18702337f1341f390cc15c4d83688cf0bbac3ff9128d7
train,20,train/jetImage_2_150p_20000_30000.h5,48031367,10000,200000,210000,1,"[53, 54, 55, 56, 57]",3ae69707f038740fbda22f63e69110ce758ffbcabeae91aa8600a7a76c83a7c2,5765ae4e27d5265d1f4299950b5a1ad9b21ef7a499dd9046b2c62c5a20677fa8
train,21,train/jetImage_2_150p_30000_40000.h5,47861602,10000,210000,220000,1,"[53, 54, 55, 56, 57]",3f3cc2cf59bc75e869efb5e51eb63662f3688b20a978038c58f53676542087e0,cf2658bc93ee70dd0ea834dc7b540c2aee8f2f2467aa9247f9f001146d222f63
train,22,train/jetImage_2_150p_40000_50000.h5,47870607,10000,220000,230000,1,"[53, 54, 55, 56, 57]",7e06a968ceffa3a82413dd49e78de7d7e4102e2220d20ea2ab49d3b84c0a1369,60c31970d61d1aecc0b78b1a0e0daab149f5dd0e2c1ddfb466ee5c0c43aa1879
train,23,train/jetImage_2_150p_50000_60000.h5,48302575,10000,230000,240000,1,"[53, 54, 55, 56, 57]",c4499549ccdc1aaf609ce740e7107a67c309fedad604b8e9f7083d2aed744b5d,e9d2bccbe8e9bc75b2f80aae9bfb8a51723e67f697b24fc3220543ce33decfab
train,24,train/jetImage_2_150p_60000_70000.h5,48087337,10000,240000,250000,1,"[53, 54, 55, 56, 57]",c469d422feb7492a5f3eb5745bcdc705ad9f412fb65f67bca56982671236dab6,3ca3044d73680a4d5d5a3caa35e55c76713d5a723074d1bcc459f64b7cd99d8a
train,25,train/jetImage_2_150p_70000_80000.h5,48156626,10000,250000,260000,1,"[53, 54, 55, 56, 57]",4882c3527eda150ebde289b7a7fddfcdacfd53e3da2ed18abedfb700fb10e048,261f7a1513e978c028c541f3cbf179de7549316c2157d4b00a8e65c453e045dd
train,26,train/jetImage_2_150p_80000_90000.h5,48075966,10000,260000,270000,1,"[53, 54, 55, 56, 57]",586281dd806ef82c0f3b078091cbc1090ec354ab38ff524832ffcc26a9d506d2,87fa01be9247508ec5a1313e26085e4051af5d5233beac5bc92b02e5ff942606
train,27,train/jetImage_3_150p_0_10000.h5,48205310,10000,270000,280000,1,"[53, 54, 55, 56, 57]",2066ff3f5c2911bc6276786f080efa676b0d4ded6207ba0dfdceafac51c63335,ae6c1dd3a7d2a0376de24406bc1c8ea20a9d23274cb8699abba2ee0df7aa2c84
train,28,train/jetImage_3_150p_10000_20000.h5,48250499,10000,280000,290000,1,"[53, 54, 55, 56, 57]",5e2564d8f56bf7698120d43e7d48c80a74a25452ec7f5015df6ecd24ad3428be,a1aa8cbcbd8127526b89ec76bca29faa6ad37203ac3c1b5c40a3433b8564d439
train,29,train/jetImage_3_150p_20000_30000.h5,48243112,10000,290000,300000,1,"[53, 54, 55, 56, 57]",6bb8534701ab5cc5386e4da5f4acf08f56dba0c61875329b0f47475782596b3a,d1969e2afd353198926d9954f78bfcde7968c478eacd8e5052207aec0c90542a
train,30,train/jetImage_3_150p_30000_40000.h5,48215660,10000,300000,310000,1,"[53, 54, 55, 56, 57]",067bc4b8f0d6449dd3c67ff2ffcf57cd07c9880bb2527ba83a39c5ad73da121f,fd94e2549f27757bfe35af57a7d78798a6216836603ae99773bbbb1fbee4f855
train,31,train/jetImage_3_150p_40000_50000.h5,48177646,10000,310000,320000,1,"[53, 54, 55, 56, 57]",b4a0a5337668b23bc1935cd594f17c028e48520415ced3a03c716791a09932e7,69cc6bd1f593c75c084f3c5ba6845f54a53aedd009df227d99fe308e55558888
train,32,train/jetImage_3_150p_60000_70000.h5,47625863,10000,320000,330000,1,"[53, 54, 55, 56, 57]",ee9de75e0bb4a1286be5c80b66c34a4cbef398ad815d51c3706bcebffbb2047b,d2a48f3f0152beea8b7233b046f83625397359d10b9fba0344481e9e97f6f29f
train,33,train/jetImage_3_150p_70000_80000.h5,48148138,10000,330000,340000,1,"[53, 54, 55, 56, 57]",db4d41156d6b46d26e226fde79d553b14d4e0975fba32b9aada7eee0418dc95f,1cc28de98d6aff7a26cc9318553c46fc88c2fb359c508854dde33c032b5232eb
train,34,train/jetImage_3_150p_80000_90000.h5,48055704,10000,340000,350000,1,"[53, 54, 55, 56, 57]",8b7987869a96c294a0d82e360ca06f6a9d5c2e2c55b7aa8180dc44d6eedcabaf,bf97aa31bd5b18d5c2cec01a2f91e1b4c5aa1eca90bc3ae50b31bbc1e5e208a4
train,35,train/jetImage_4_150p_0_10000.h5,48099203,10000,350000,360000,1,"[53, 54, 55, 56, 57]",bb5b800d7d75a12261a2099952a2bdf88c14864647f3c68e695270abc4b9f710,84e611d0aaa74bb424a32110fc84e611622802deac48d57db3359a7d31aedc67
train,36,train/jetImage_4_150p_10000_20000.h5,48059064,10000,360000,370000,1,"[53, 54, 55, 56, 57]",7310f165d8aa8db9b63c8c90ce4b9be3d98a425edb1586a5618138d047359d30,30e2f3545747d30eb6c42a2ccbd16f62ac8471fa64bac5982355768fd472556c
train,37,train/jetImage_4_150p_20000_30000.h5,48200972,10000,370000,380000,1,"[53, 54, 55, 56, 57]",ab5116603b83d42f8d5fbaeaf1d6d17dffa107b2fde9b37ac65e02f1aa331bca,c4ce0f69f0feb107632d2ed0812e17ef6a657064edced3eadf71391028b4daf5
train,38,train/jetImage_4_150p_30000_40000.h5,48324574,10000,380000,390000,1,"[53, 54, 55, 56, 57]",f0400a8771cc29a1d0f0bb40d889988e6a9e20bca4d6dfec214612bd092ea026,2199b2cd8e752cd89f4f26437f5640bd20f5b2744e949911ecf77d66dcec2fac
train,39,train/jetImage_4_150p_40000_50000.h5,48173083,10000,390000,400000,1,"[53, 54, 55, 56, 57]",96ce0741db04b2426207526343ef4119d2c52df9a86b12b5a76545d2b0b05a15,0fc1d47135a7483807005f3c79cf98d04ff08c7940eab887646d50805a2f3dd4
train,40,train/jetImage_4_150p_50000_60000.h5,47978950,10000,400000,410000,1,"[53, 54, 55, 56, 57]",8324fadb9f34f4df87459371a207bc41c193a92a097b7623c51d6f0d54503912,65b5d1a5c9c8f3660f1b407b4734ecc11457d2e63d7e14f42c9d6271294c7aa9
train,41,train/jetImage_4_150p_60000_70000.h5,47841221,10000,410000,420000,1,"[53, 54, 55, 56, 57]",10b4684f34569e35d028df552acc31921e4a8122f499460776a97e6e7aed6b74,9f0ade30fe35af005a9d94dadcfab17f39d6ccb65cd509449ee08a9b0ef63e9b
train,42,train/jetImage_4_150p_70000_80000.h5,47898688,10000,420000,430000,1,"[53, 54, 55, 56, 57]",90824143c748b304d55f059adad50b922e6dfda2afb522c74b1639ac8f6d3dd1,3a9a12c90807fb67d279856da0b120dcd1107177330bfe1ee22787cbee087311
train,43,train/jetImage_4_150p_80000_90000.h5,48313451,10000,430000,440000,1,"[53, 54, 55, 56, 57]",e708dab7fc63944b646973c2cfc553e83a6cab04b24339bd0048b70169be7870,c9426f9afc52a9186802a4b38d350567befab21d524737cd964bd0d3e4b2704d
train,44,train/jetImage_5_150p_0_10000.h5,48000496,10000,440000,450000,1,"[53, 54, 55, 56, 57]",3fafffd46b00344b268adc66da052aa5a023804641040c4d5e3ee9e87e19a3b0,44a61465700eedc3d27885dbb43a64068d57d936b3fb36193f97e4ab97f51595
train,45,train/jetImage_5_150p_10000_20000.h5,48143548,10000,450000,460000,1,"[53, 54, 55, 56, 57]",7cc637dfc68d473a1d72e81f3571dc825720b352e246226d778d025ae2c4d1d6,67e834e8990862557db6221fb2e1135d5a1632a6137f08a936f0ecea5f7741b4
train,46,train/jetImage_5_150p_20000_30000.h5,48209277,10000,460000,470000,1,"[53, 54, 55, 56, 57]",e39fbdd87c942739e41044609af6c82d58c381176d21b9cad2154f7abd0fd655,980c8358671cd0dba13253827fb2e87869884f27058a5d362ff48df53c403999
train,47,train/jetImage_5_150p_30000_40000.h5,47999938,10000,470000,480000,1,"[53, 54, 55, 56, 57]",42b53306e21ef7c3d233f3976cbae164e9212fc1a73f4d3fe96c6ee5a5c164fb,693ce8cb14b6c3540378c92e73caa9c87a9427361673bdb14e179e514207ac1f
train,48,train/jetImage_5_150p_40000_50000.h5,47996158,10000,480000,490000,1,"[53, 54, 55, 56, 57]",cf8278655c2b2d753e491fe26957e5819b4638fde1137ece1ee144e5c1202149,429282ff091d63db1b866105fd983ada3aaa48bffbcecb19dfb32064894af3bf
train,49,train/jetImage_5_150p_50000_60000.h5,48523937,10000,490000,500000,1,"[53, 54, 55, 56, 57]",67fcf6b49e178bc890991542d1c05b92ce5afafa179d574efb8a2a5ee117fac1,ba46954012f28f9f472d0a454e6a454723630e238649292346dbc2f91347fa19
train,50,train/jetImage_5_150p_60000_70000.h5,47800725,10000,500000,510000,1,"[53, 54, 55, 56, 57]",61ad29b4840cc9110cbd7d97a30c3454d86213998703d48723b12eea91b5c0a9,64a6f2ce6ff1075f12846e7a11165c3367999119c345157193cb7ab03c7128c3
train,51,train/jetImage_5_150p_70000_80000.h5,48020882,10000,510000,520000,1,"[53, 54, 55, 56, 57]",2e7c2e11282b3ecea39773383295ce38f7544e6bae79ac63717284ee1457f583,039c8467ca55cb3d3b86797437d8e00988bb1fe7f0a6173d5f48a5be6782ea79
train,52,train/jetImage_5_150p_80000_90000.h5,47911827,10000,520000,530000,1,"[53, 54, 55, 56, 57]",cbc0777bf83413c2ec386e97ce2bee7b70ab2e3160c5312602b6f62c0f04dc67,fde2955d9afd6a5095190761c8f1952d09dd34ba96d335fc521828fe4293a6f8
train,53,train/jetImage_6_150p_0_10000.h5,48020754,10000,530000,540000,1,"[53, 54, 55, 56, 57]",3123e741ae697481065ea03aafd35b7e9f1507326776fe6eb68823aecde1ce04,5dcdfda60e4305937b9d7487bf1897faa0527dae805462ef186ef9460bfc1792
train,54,train/jetImage_6_150p_10000_20000.h5,48096654,10000,540000,550000,1,"[53, 54, 55, 56, 57]",c72d07e28ad72156192955e586c8b829577a4b9705904709a037ea56755a5a15,804aa843ec99c93bb26d87697c3f05fcf6ae19e6a99e93d077dc6f50552317de
train,55,train/jetImage_6_150p_20000_30000.h5,48333197,10000,550000,560000,1,"[53, 54, 55, 56, 57]",c9712ed909efba67103f796022d159a790595afbffe953683f16ae172d20ec03,5ba5314556198e35137fa254e6e79e4d20fa967645329241ee4430c2c9338cff
train,56,train/jetImage_6_150p_30000_40000.h5,48214684,10000,560000,570000,1,"[53, 54, 55, 56, 57]",d6363fe98e2cd0d9d231e6179af5865f880a9dbb7b5dab6a9a0c08b260be1363,1f1d55b7104d9778991ed3ccade1d04bc17b16b5b7f63dd03d2e774fd8076da6
train,57,train/jetImage_6_150p_40000_50000.h5,48123986,10000,570000,580000,1,"[53, 54, 55, 56, 57]",88ebf3a535c7931ad74b6c37926fd59e7cd1e125ad3e83a36ed1870c15cc3629,381ec7c909adc208c3d3a8693a33556b1f007d84424bdba586ac117964bc5bf1
train,58,train/jetImage_6_150p_50000_60000.h5,48193944,10000,580000,590000,1,"[53, 54, 55, 56, 57]",616da4d463b996e9df17b967843b4faaa3e486a93b04abea6832e23fa8a2568a,2b1ee9b56d27d95064c916e1e7788d7dffcd0251cfb93fff0899f6c648eb122f
train,59,train/jetImage_6_150p_60000_70000.h5,47989756,10000,590000,600000,1,"[53, 54, 55, 56, 57]",98e091739fcd674164cdd54351ad912b3f9f66ddc9256555b441e0769b79c86f,ca2b150ee54c546d6dadd4c6ba14a6baa442cf60fb4ee5fc1e20798513954068
train,60,train/jetImage_6_150p_70000_80000.h5,47980425,10000,600000,610000,1,"[53, 54, 55, 56, 57]",c07d09fe8741db48c38e455dded68b5bc145bb7b79ee51ca7eaf8314718a8157,cd31139991e19f535fd1dc50beccf420de97d387981c0e1e250fb315b3194757
train,61,train/jetImage_6_150p_80000_90000.h5,48376835,10000,610000,620000,1,"[53, 54, 55, 56, 57]",908c6637dcd4bb69d1c64a2910c7754a059c77faf77ac0f05813f15fae9b8953,a0b19a16e87c864c54068c00e51d228b44c9cb6d340515f18b7d21be114540d1
val,0,val/jetImage_7_150p_0_10000.h5,47951575,10000,0,10000,1,"[53, 54, 55, 56, 57]",6a232c9db9718653ea621f7a9b26176b96264d5d748d36e70ae3db562210c6e9,c1876139711c3e16ec10d6f011c8b72b6037911481f226bd8291af4147876726
val,1,val/jetImage_7_150p_10000_20000.h5,48141585,10000,10000,20000,1,"[53, 54, 55, 56, 57]",af4e93defbc6f7ef57e7af9d14bb36aece1cecd00945322ff9a9e8fe5625ad42,dbdf0cbabf566f82fca7f799029a9811ae5912ae2a0e92377dc9d0430e0a8f75
val,2,val/jetImage_7_150p_20000_30000.h5,48377876,10000,20000,30000,1,"[53, 54, 55, 56, 57]",69ff588c6a2a19632509b78cc1a4cf4fe55d3dda3abffdea636f13d63752f2a6,1f22857611d26c21b6fe3f4ade8967ec1bbc6af04c80ba8cb4f1b2797011191f
val,3,val/jetImage_7_150p_30000_40000.h5,47829225,10000,30000,40000,1,"[53, 54, 55, 56, 57]",6fd420ecc05b6876dae0d08f0535549825fb7681ae5fe8e97826f4ff9e3966ae,8b367419ed71f79306cdb31f5fa9ca937381ea0cd6113ecc64f8320c83f35ebf
val,4,val/jetImage_7_150p_40000_50000.h5,48311378,10000,40000,50000,1,"[53, 54, 55, 56, 57]",97e51571421186fa4b96767c04aec1dfb0cd7eafc3e7eba32ef062ab63fac730,b86d1388feb93b0babe02f530031db7d289e81eeef3210cad2f90a66a20a0b34
val,5,val/jetImage_7_150p_50000_60000.h5,48009433,10000,50000,60000,1,"[53, 54, 55, 56, 57]",308a7edacbe88ee1d93a00bc3016a45bca65ce4fab1c2c56ca7ee7ed9e53a61c,cbc5aa7808fd1c4582454a4b45a7fa05eef8e887f12b829546afb96e7232bebb
val,6,val/jetImage_7_150p_60000_70000.h5,47932925,10000,60000,70000,1,"[53, 54, 55, 56, 57]",46544153da7c5dad5de6bf9597eee0f513d228683022911bf8be81a16bf5f24f,34dadd412cac10f1005227a60e1a555ab36e68fa4ea49628718e117015c2e6c1
val,7,val/jetImage_7_150p_70000_80000.h5,47760947,10000,70000,80000,1,"[53, 54, 55, 56, 57]",3d0d992903b485fb298a465ee6bf4ac59436c0f1a6f65c0b88b4c36960b1ff3e,039746c36f8699840c9f6ed1fe6623ea4829bffa08a649a0f6f338182e5d95dd
val,8,val/jetImage_7_150p_80000_90000.h5,47976139,10000,80000,90000,1,"[53, 54, 55, 56, 57]",006db922b4028e654db3f658cc8737725d7504f175d309ce4fd73802425b81de,1c906e6c467bfe6bb72cad1450e07e23edb8630797e2f73efa287f250165a8cd
val,9,val/jetImage_8_150p_0_10000.h5,47997952,10000,90000,100000,1,"[53, 54, 55, 56, 57]",571d70c1676d4f17bbdd650d9eff4a0874894e79b3e912ccadd1f0c4225797ce,291e0df64b22d416cb01747f647af6dcf2605196be3aea83cf6509807e4ebe3d
val,10,val/jetImage_8_150p_10000_20000.h5,48311492,10000,100000,110000,1,"[53, 54, 55, 56, 57]",85ca63ceb88f2e77594bf6989a5280f78113a3cb07600728f0c6b2d7c91173cd,3146c576126ca6a45c509af5b143cd33f614e462a63067e688093f82e31de252
val,11,val/jetImage_8_150p_20000_30000.h5,48419832,10000,110000,120000,1,"[53, 54, 55, 56, 57]",48c93cc9967e49aea12d086cafffb9f48177756718201a1c1c016e5d18ca1fca,2a86786a891c23217647c4ffbac684d214a8f0ba5d3ea3fba31245be8dbd3034
val,12,val/jetImage_8_150p_30000_40000.h5,48131867,10000,120000,130000,1,"[53, 54, 55, 56, 57]",eadaf960a30e917baef86025609698fb1058327ee8d34ef271933eec1d7c814a,0709f5ab0699a3ff3df3ef23d260bec85bfea8b945670efb396b258a31a08cd9
val,13,val/jetImage_8_150p_40000_50000.h5,47935569,10000,130000,140000,1,"[53, 54, 55, 56, 57]",5fc802396917da285234ec59e80e7ef7e9f367d46d4677e44bc71c3c4d800838,a68f634d49e2e22435daa121548e66738c9a7fcde44aa1d31ea051be0ece9234
val,14,val/jetImage_8_150p_50000_60000.h5,48221368,10000,140000,150000,1,"[53, 54, 55, 56, 57]",d06bba8a8f8f29aa806a2e127f0c716fb932c5682857455b917630064f505493,7f54a11f1ccc06ee14d55ee151800e5c8ec75590e9d41e82fed4df81b0a3bd13
val,15,val/jetImage_8_150p_60000_70000.h5,48222333,10000,150000,160000,1,"[53, 54, 55, 56, 57]",a7537bba652ce88a3b5c831ccf34c0b8724608cceb4f0e5baec3f00695e09408,c8f8a32b343de34c0f04293a66d4874edd71a62a2e34818b4b688e1b02b66d66
val,16,val/jetImage_8_150p_70000_80000.h5,47862426,10000,160000,170000,1,"[53, 54, 55, 56, 57]",13c86a9b9d492ba57c60974cbcc4fccba87b06ad400a3562a6072d4bb56652a5,c6a33b40fe5225155768f46765010afb39cfd6f07e821f349b76629cfe08c2e8
val,17,val/jetImage_8_150p_80000_90000.h5,48254960,10000,170000,180000,1,"[53, 54, 55, 56, 57]",cdbc2ecae9ed10a4374eec899e3f17e82e3bb747b4a0b1a9e10405c711da143e,bb90835b4d69887ec9acf770b72ac1f2b1b50bed779c720e89f519cee91d88d9
val,18,val/jetImage_9_150p_0_10000.h5,48288770,10000,180000,190000,1,"[53, 54, 55, 56, 57]",dea155fba08af4c22da464b18b16ffe8020657b5f4a722b6eb081b28a0ec83db,c725d74dc87c48c32d14f2cd4364fb2f1f18bf30de4dfa9e2fda208076dfd5a5
val,19,val/jetImage_9_150p_10000_20000.h5,47890592,10000,190000,200000,1,"[53, 54, 55, 56, 57]",88e79887d2d9dd3a4070ca6a786ef8509aaa7dfe0c71451970b1f554df8dfe22,62913f70f0ddf6da00db7e5327755a6d970704ea641a40f266744bf86147ca7e
val,20,val/jetImage_9_150p_20000_30000.h5,48031783,10000,200000,210000,1,"[53, 54, 55, 56, 57]",63f276e1ce8ca212aa100302fc0b1f7330dc0c2b8dca2eff334b57183aaa9554,4f0cfe05368723aaf44d4c2fccc023545681fac7cf7d68f40efe59a4e4d8820e
val,21,val/jetImage_9_150p_30000_40000.h5,48300855,10000,210000,220000,1,"[53, 54, 55, 56, 57]",1fe0b5990bd107cd7b39a3bfd180ca197ebcfa0900d5db61bb8955f7cee07bb0,c418a45bfb937447ab6bea21b9640c9040686a0c460bd497f1ec56e4a4755943
val,22,val/jetImage_9_150p_50000_60000.h5,48076812,10000,220000,230000,1,"[53, 54, 55, 56, 57]",df75d3ea735b766ae0ad47224cc1fc1b8d24b97d6f65262c1659854e403d45ce,df81b2ef596b207ab7fc7e88d3de3ff38c3cda9f0e2f37051c164b3c33fb4e54
val,23,val/jetImage_9_150p_60000_70000.h5,48217458,10000,230000,240000,1,"[53, 54, 55, 56, 57]",64afa29863c899057aff2e964acb7b478688840c2249f75d877aaab3a00f6b84,f332cd4af35bd2e2ed8784320a883c64bebe5c93771ec043d22c7d82886b3756
val,24,val/jetImage_9_150p_70000_80000.h5,47887770,10000,240000,250000,1,"[53, 54, 55, 56, 57]",29a0469e70d1449c9c377df2fea60c8336401c44f820873a9521ed56336f8cf1,3326f8f6ed458ef5bd202ddbbc7a71b75ba9eeeb2a45b61ed2eda61f4668b505
val,25,val/jetImage_9_150p_80000_90000.h5,47960761,10000,250000,260000,1,"[53, 54, 55, 56, 57]",eb12d47d7b41a705c327a4278e980650fed9a44e2b8409b5b84af2c6e588ada8,5d554b95c8c6fa34bba87b826719a3eb320c1e021bc9cf05860104d73c991ced
