utc,unix_s,phase,k,kind,gpu_name,gpu_mem_total_mib,gpu_mem_used_mib,gpu_util_pct,gpu_sm_clock_mhz,gpu_power_w,gpu_temp_c,cgroup_cpu_usage_usec,cgroup_mem_current_bytes,cgroup_mem_max_bytes,live_arms,epochs_done_min,epochs_done_max,pid,arm,proc_gpu_mem_mib,proc_rss_mib,proc_epochs_done
2026-09-29T07:21:03Z,1790666463.7,setup,0,gpu,,,,,,,,,,,0,,,,,,,
2026-09-29T07:21:13Z,1790666473.7,p1-E-k2,2,gpu,,,,,,,,,,,2,0,0,,,,,
2026-09-29T07:21:13Z,1790666473.7,p1-E-k2,2,proc,,,,,,,,,,,,,,99254,chang0926-a-n64-s1,,,0
2026-09-29T07:21:13Z,1790666473.7,p1-E-k2,2,proc,,,,,,,,,,,,,,99266,chang0926-a-n64-s2,,,0
2026-09-29T07:21:23Z,1790666483.7,p1-E-k2,2,gpu,,,,,,,,,,,2,0,0,,,,,
2026-09-29T07:21:23Z,1790666483.7,p1-E-k2,2,proc,,,,,,,,,,,,,,99254,chang0926-a-n64-s1,,,0
2026-09-29T07:21:23Z,1790666483.7,p1-E-k2,2,proc,,,,,,,,,,,,,,99266,chang0926-a-n64-s2,,,0
2026-09-29T07:21:33Z,1790666493.7,p1-E-k2,2,gpu,,,,,,,,,,,2,0,0,,,,,
2026-09-29T07:21:33Z,1790666493.7,p1-E-k2,2,proc,,,,,,,,,,,,,,99254,chang0926-a-n64-s1,,,0
2026-09-29T07:21:33Z,1790666493.7,p1-E-k2,2,proc,,,,,,,,,,,,,,99266,chang0926-a-n64-s2,,,0
2026-09-29T07:21:43Z,1790666503.7,p1-E-k2,2,gpu,,,,,,,,,,,2,1,1,,,,,
2026-09-29T07:21:43Z,1790666503.7,p1-E-k2,2,proc,,,,,,,,,,,,,,99254,chang0926-a-n64-s1,,,1
2026-09-29T07:21:43Z,1790666503.7,p1-E-k2,2,proc,,,,,,,,,,,,,,99266,chang0926-a-n64-s2,,,1
2026-09-29T07:21:53Z,1790666513.7,p1-E-k2,2,gpu,,,,,,,,,,,0,,,,,,,
2026-09-29T07:22:03Z,1790666523.8,p2-A07-k2,2,gpu,,,,,,,,,,,1,0,0,,,,,
2026-09-29T07:22:03Z,1790666523.8,p2-A07-k2,2,proc,,,,,,,,,,,,,,99585,chang0926-c-n64-s1,,,0
2026-09-29T07:22:13Z,1790666533.8,p2-A07-k2,2,gpu,,,,,,,,,,,1,0,0,,,,,
2026-09-29T07:22:13Z,1790666533.8,p2-A07-k2,2,proc,,,,,,,,,,,,,,99585,chang0926-c-n64-s1,,,0
2026-09-29T07:22:23Z,1790666543.8,p2-A07-k2,2,gpu,,,,,,,,,,,1,0,0,,,,,
2026-09-29T07:22:23Z,1790666543.8,p2-A07-k2,2,proc,,,,,,,,,,,,,,99585,chang0926-c-n64-s1,,,0
2026-09-29T07:22:33Z,1790666553.8,p2-A07-k2,2,gpu,,,,,,,,,,,1,0,0,,,,,
2026-09-29T07:22:33Z,1790666553.8,p2-A07-k2,2,proc,,,,,,,,,,,,,,99585,chang0926-c-n64-s1,,,0
2026-09-29T07:22:43Z,1790666563.8,p2-A07-k2,2,gpu,,,,,,,,,,,1,1,1,,,,,
2026-09-29T07:22:43Z,1790666563.8,p2-A07-k2,2,proc,,,,,,,,,,,,,,99585,chang0926-c-n64-s1,,,1
2026-09-29T07:22:53Z,1790666573.8,p2-A07-k2,2,gpu,,,,,,,,,,,1,1,1,,,,,
2026-09-29T07:22:53Z,1790666573.8,p2-A07-k2,2,proc,,,,,,,,,,,,,,99585,chang0926-c-n64-s1,,,1
2026-09-29T07:23:03Z,1790666583.9,p3-E-k1,1,gpu,,,,,,,,,,,1,0,0,,,,,
2026-09-29T07:23:03Z,1790666583.9,p3-E-k1,1,proc,,,,,,,,,,,,,,99760,chang0926-a-n64-s1,,,0
2026-09-29T07:23:13Z,1790666593.9,p3-E-k1,1,gpu,,,,,,,,,,,1,0,0,,,,,
2026-09-29T07:23:13Z,1790666593.9,p3-E-k1,1,proc,,,,,,,,,,,,,,99760,chang0926-a-n64-s1,,,0
2026-09-29T07:23:23Z,1790666603.9,p3-E-k1,1,gpu,,,,,,,,,,,1,0,0,,,,,
2026-09-29T07:23:23Z,1790666603.9,p3-E-k1,1,proc,,,,,,,,,,,,,,99760,chang0926-a-n64-s1,,,0
2026-09-29T07:23:33Z,1790666613.9,p3-E-k1,1,gpu,,,,,,,,,,,1,1,1,,,,,
2026-09-29T07:23:33Z,1790666613.9,p3-E-k1,1,proc,,,,,,,,,,,,,,99760,chang0926-a-n64-s1,,,1
2026-09-29T07:23:42Z,1790666623.0,idle,0,gpu,,,,,,,,,,,0,,,,,,,
