utc,unix_s,phase,k,kind,gpu_name,gpu_mem_total_mib,gpu_mem_used_mib,gpu_util_pct,gpu_sm_clock_mhz,gpu_power_w,gpu_temp_c,cgroup_cpu_usage_usec,cgroup_mem_current_bytes,cgroup_mem_max_bytes,live_arms,epochs_done_min,epochs_done_max,pid,arm,proc_gpu_mem_mib,proc_rss_mib,proc_epochs_done,proc_cpus_allowed,proc_threads
2026-09-29T10:32:18Z,1790677938.9,setup,0,gpu,NVIDIA A10,23028,0,0,1695,90.41,55,164546170,7838642176,25769803776,0,,,,,,,,,
2026-09-29T10:33:18Z,1790677998.9,p3-E-k3,3,gpu,NVIDIA A10,23028,3335,64,1680,124.76,58,303195628,10656808960,25769803776,3,0,0,,,,,,,
2026-09-29T10:33:18Z,1790677998.9,p3-E-k3,3,proc,,,,,,,,,,,,,,403,chang0926-a-n64-s1,1276,2025,0,"9-11,73-75",24
2026-09-29T10:33:18Z,1790677998.9,p3-E-k3,3,proc,,,,,,,,,,,,,,537,chang0926-a-n64-s2,1276,2027,0,"9-11,73-75",24
2026-09-29T10:33:18Z,1790677998.9,p3-E-k3,3,proc,,,,,,,,,,,,,,671,chang0926-a-n64-s3,764,2025,0,"9-11,73-75",24
2026-09-29T10:34:19Z,1790678059.0,p3-E-k3,3,gpu,NVIDIA A10,23028,6921,100,1515,150.61,65,451905052,10704904192,25769803776,3,0,0,,,,,,,
2026-09-29T10:34:19Z,1790678059.0,p3-E-k3,3,proc,,,,,,,,,,,,,,403,chang0926-a-n64-s1,4350,2118,0,"9-11,73-75",25
2026-09-29T10:34:19Z,1790678059.0,p3-E-k3,3,proc,,,,,,,,,,,,,,537,chang0926-a-n64-s2,1276,1988,0,"9-11,73-75",24
2026-09-29T10:34:19Z,1790678059.0,p3-E-k3,3,proc,,,,,,,,,,,,,,671,chang0926-a-n64-s3,1276,2028,0,"9-11,73-75",24
2026-09-29T10:35:19Z,1790678119.1,p3-E-k3,3,gpu,NVIDIA A10,23028,13069,100,1500,147.39,69,555688967,10914152448,25769803776,3,0,0,,,,,,,
2026-09-29T10:35:19Z,1790678119.1,p3-E-k3,3,proc,,,,,,,,,,,,,,403,chang0926-a-n64-s1,4350,2118,0,"9-11,73-75",25
2026-09-29T10:35:19Z,1790678119.1,p3-E-k3,3,proc,,,,,,,,,,,,,,537,chang0926-a-n64-s2,4350,2116,0,"9-11,73-75",25
2026-09-29T10:35:19Z,1790678119.1,p3-E-k3,3,proc,,,,,,,,,,,,,,671,chang0926-a-n64-s3,4350,2109,0,"9-11,73-75",25
2026-09-29T10:36:19Z,1790678179.2,p3-E-k3,3,gpu,NVIDIA A10,23028,13069,96,1665,137.49,70,695084880,10914426880,25769803776,3,0,0,,,,,,,
2026-09-29T10:36:19Z,1790678179.2,p3-E-k3,3,proc,,,,,,,,,,,,,,403,chang0926-a-n64-s1,4350,2118,0,"9-11,73-75",25
2026-09-29T10:36:19Z,1790678179.2,p3-E-k3,3,proc,,,,,,,,,,,,,,537,chang0926-a-n64-s2,4350,2116,0,"9-11,73-75",25
2026-09-29T10:36:19Z,1790678179.2,p3-E-k3,3,proc,,,,,,,,,,,,,,671,chang0926-a-n64-s3,4350,2110,0,"9-11,73-75",25
2026-09-29T10:37:19Z,1790678239.3,p3-E-k3,3,gpu,NVIDIA A10,23028,13069,100,1470,149.85,70,827970570,11377692672,25769803776,3,1,1,,,,,,,
2026-09-29T10:37:19Z,1790678239.3,p3-E-k3,3,proc,,,,,,,,,,,,,,403,chang0926-a-n64-s1,4350,2268,1,"9-11,73-75",25
2026-09-29T10:37:19Z,1790678239.3,p3-E-k3,3,proc,,,,,,,,,,,,,,537,chang0926-a-n64-s2,4350,2259,1,"9-11,73-75",25
2026-09-29T10:37:19Z,1790678239.3,p3-E-k3,3,proc,,,,,,,,,,,,,,671,chang0926-a-n64-s3,4350,2261,1,"9-11,73-75",25
2026-09-29T10:38:19Z,1790678299.4,p3-E-k3,3,gpu,NVIDIA A10,23028,13069,100,1470,149.77,71,928893796,11437867008,25769803776,3,2,2,,,,,,,
2026-09-29T10:38:19Z,1790678299.4,p3-E-k3,3,proc,,,,,,,,,,,,,,403,chang0926-a-n64-s1,4350,2287,2,"9-11,73-75",25
2026-09-29T10:38:19Z,1790678299.4,p3-E-k3,3,proc,,,,,,,,,,,,,,537,chang0926-a-n64-s2,4350,2274,2,"9-11,73-75",25
2026-09-29T10:38:19Z,1790678299.4,p3-E-k3,3,proc,,,,,,,,,,,,,,671,chang0926-a-n64-s3,4350,2282,2,"9-11,73-75",25
2026-09-29T10:39:19Z,1790678359.4,p3-E-k3,3,gpu,NVIDIA A10,23028,13069,100,1455,148.00,72,1028799011,11457310720,25769803776,3,2,3,,,,,,,
2026-09-29T10:39:19Z,1790678359.4,p3-E-k3,3,proc,,,,,,,,,,,,,,403,chang0926-a-n64-s1,4350,2292,3,"9-11,73-75",25
2026-09-29T10:39:19Z,1790678359.4,p3-E-k3,3,proc,,,,,,,,,,,,,,537,chang0926-a-n64-s2,4350,2285,3,"9-11,73-75",25
2026-09-29T10:39:19Z,1790678359.4,p3-E-k3,3,proc,,,,,,,,,,,,,,671,chang0926-a-n64-s3,4350,2282,2,"9-11,73-75",25
2026-09-29T10:40:19Z,1790678419.5,p3-E-k3,3,gpu,NVIDIA A10,23028,13069,100,1425,151.63,72,1128602863,11474690048,25769803776,3,3,4,,,,,,,
2026-09-29T10:40:19Z,1790678419.5,p3-E-k3,3,proc,,,,,,,,,,,,,,403,chang0926-a-n64-s1,4350,2301,4,"9-11,73-75",25
2026-09-29T10:40:19Z,1790678419.5,p3-E-k3,3,proc,,,,,,,,,,,,,,537,chang0926-a-n64-s2,4350,2285,3,"9-11,73-75",25
2026-09-29T10:40:19Z,1790678419.5,p3-E-k3,3,proc,,,,,,,,,,,,,,671,chang0926-a-n64-s3,4350,2288,3,"9-11,73-75",25
2026-09-29T10:41:19Z,1790678479.6,p3-E-k3,3,gpu,NVIDIA A10,23028,13069,100,1500,149.11,72,1228434290,11506507776,25769803776,3,4,5,,,,,,,
2026-09-29T10:41:19Z,1790678479.6,p3-E-k3,3,proc,,,,,,,,,,,,,,403,chang0926-a-n64-s1,4350,2311,5,"9-11,73-75",25
2026-09-29T10:41:19Z,1790678479.6,p3-E-k3,3,proc,,,,,,,,,,,,,,537,chang0926-a-n64-s2,4350,2293,4,"9-11,73-75",25
2026-09-29T10:41:19Z,1790678479.6,p3-E-k3,3,proc,,,,,,,,,,,,,,671,chang0926-a-n64-s3,4350,2298,4,"9-11,73-75",25
2026-09-29T10:42:19Z,1790678539.7,p3-E-k3,3,gpu,NVIDIA A10,23028,13069,100,1440,148.40,72,1328493081,11526406144,25769803776,3,5,5,,,,,,,
2026-09-29T10:42:19Z,1790678539.7,p3-E-k3,3,proc,,,,,,,,,,,,,,403,chang0926-a-n64-s1,4350,2311,5,"9-11,73-75",25
2026-09-29T10:42:19Z,1790678539.7,p3-E-k3,3,proc,,,,,,,,,,,,,,537,chang0926-a-n64-s2,4350,2306,5,"9-11,73-75",25
2026-09-29T10:42:19Z,1790678539.7,p3-E-k3,3,proc,,,,,,,,,,,,,,671,chang0926-a-n64-s3,4350,2303,5,"9-11,73-75",25
2026-09-29T10:43:19Z,1790678599.8,p3-E-k3,3,gpu,NVIDIA A10,23028,13069,100,1500,151.24,72,1428797828,11535659008,25769803776,3,6,6,,,,,,,
2026-09-29T10:43:19Z,1790678599.8,p3-E-k3,3,proc,,,,,,,,,,,,,,403,chang0926-a-n64-s1,4350,2312,6,"9-11,73-75",25
2026-09-29T10:43:19Z,1790678599.8,p3-E-k3,3,proc,,,,,,,,,,,,,,537,chang0926-a-n64-s2,4350,2307,6,"9-11,73-75",25
2026-09-29T10:43:19Z,1790678599.8,p3-E-k3,3,proc,,,,,,,,,,,,,,671,chang0926-a-n64-s3,4350,2307,6,"9-11,73-75",25
2026-09-29T10:44:19Z,1790678659.9,p3-E-k3,3,gpu,NVIDIA A10,23028,13069,100,1485,149.12,72,1528499799,11548315648,25769803776,3,6,7,,,,,,,
2026-09-29T10:44:19Z,1790678659.9,p3-E-k3,3,proc,,,,,,,,,,,,,,403,chang0926-a-n64-s1,4350,2314,7,"9-11,73-75",25
2026-09-29T10:44:19Z,1790678659.9,p3-E-k3,3,proc,,,,,,,,,,,,,,537,chang0926-a-n64-s2,4350,2315,7,"9-11,73-75",25
2026-09-29T10:44:19Z,1790678659.9,p3-E-k3,3,proc,,,,,,,,,,,,,,671,chang0926-a-n64-s3,4350,2307,6,"9-11,73-75",25
2026-09-29T10:45:19Z,1790678720.0,p3-E-k3,3,gpu,NVIDIA A10,23028,13069,100,1515,148.36,72,1628269542,11557502976,25769803776,3,7,8,,,,,,,
2026-09-29T10:45:19Z,1790678720.0,p3-E-k3,3,proc,,,,,,,,,,,,,,403,chang0926-a-n64-s1,4350,2320,8,"9-11,73-75",25
2026-09-29T10:45:19Z,1790678720.0,p3-E-k3,3,proc,,,,,,,,,,,,,,537,chang0926-a-n64-s2,4350,2315,7,"9-11,73-75",25
2026-09-29T10:45:19Z,1790678720.0,p3-E-k3,3,proc,,,,,,,,,,,,,,671,chang0926-a-n64-s3,4350,2310,7,"9-11,73-75",25
2026-09-29T10:46:20Z,1790678780.0,p3-E-k3,3,gpu,NVIDIA A10,23028,13069,100,1470,149.62,72,1728873361,11568594944,25769803776,3,8,9,,,,,,,
2026-09-29T10:46:20Z,1790678780.0,p3-E-k3,3,proc,,,,,,,,,,,,,,403,chang0926-a-n64-s1,4350,2320,9,"9-11,73-75",25
2026-09-29T10:46:20Z,1790678780.0,p3-E-k3,3,proc,,,,,,,,,,,,,,537,chang0926-a-n64-s2,4350,2320,8,"9-11,73-75",25
2026-09-29T10:46:20Z,1790678780.0,p3-E-k3,3,proc,,,,,,,,,,,,,,671,chang0926-a-n64-s3,4350,2314,8,"9-11,73-75",25
2026-09-29T10:47:20Z,1790678840.1,p3-E-k3,3,gpu,NVIDIA A10,23028,13069,100,1500,150.14,72,1828823125,11572383744,25769803776,3,9,9,,,,,,,
2026-09-29T10:47:20Z,1790678840.1,p3-E-k3,3,proc,,,,,,,,,,,,,,403,chang0926-a-n64-s1,4350,2320,9,"9-11,73-75",25
2026-09-29T10:47:20Z,1790678840.1,p3-E-k3,3,proc,,,,,,,,,,,,,,537,chang0926-a-n64-s2,4350,2321,9,"9-11,73-75",25
2026-09-29T10:47:20Z,1790678840.1,p3-E-k3,3,proc,,,,,,,,,,,,,,671,chang0926-a-n64-s3,4350,2315,9,"9-11,73-75",25
2026-09-29T10:48:20Z,1790678900.2,p3-E-k3,3,gpu,NVIDIA A10,23028,13069,97,1620,140.34,72,1953386946,11572199424,25769803776,3,9,9,,,,,,,
2026-09-29T10:48:20Z,1790678900.2,p3-E-k3,3,proc,,,,,,,,,,,,,,403,chang0926-a-n64-s1,4350,2320,9,"9-11,73-75",25
2026-09-29T10:48:20Z,1790678900.2,p3-E-k3,3,proc,,,,,,,,,,,,,,537,chang0926-a-n64-s2,4350,2321,9,"9-11,73-75",25
2026-09-29T10:48:20Z,1790678900.2,p3-E-k3,3,proc,,,,,,,,,,,,,,671,chang0926-a-n64-s3,4350,2315,9,"9-11,73-75",25
2026-09-29T10:49:20Z,1790678960.3,p3-E-k3,3,gpu,NVIDIA A10,23028,13069,100,1470,149.91,71,2075589614,11579392000,25769803776,3,10,10,,,,,,,
2026-09-29T10:49:20Z,1790678960.3,p3-E-k3,3,proc,,,,,,,,,,,,,,403,chang0926-a-n64-s1,4350,2322,10,"9-11,73-75",25
2026-09-29T10:49:20Z,1790678960.3,p3-E-k3,3,proc,,,,,,,,,,,,,,537,chang0926-a-n64-s2,4350,2323,10,"9-11,73-75",25
2026-09-29T10:49:20Z,1790678960.3,p3-E-k3,3,proc,,,,,,,,,,,,,,671,chang0926-a-n64-s3,4350,2315,10,"9-11,73-75",25
2026-09-29T10:50:20Z,1790679020.4,p3-E-k3,3,gpu,NVIDIA A10,23028,13069,100,1485,148.27,72,2176343411,11526291456,25769803776,3,10,11,,,,,,,
2026-09-29T10:50:20Z,1790679020.4,p3-E-k3,3,proc,,,,,,,,,,,,,,403,chang0926-a-n64-s1,4350,2303,11,"9-11,73-75",25
2026-09-29T10:50:20Z,1790679020.4,p3-E-k3,3,proc,,,,,,,,,,,,,,537,chang0926-a-n64-s2,4350,2308,11,"9-11,73-75",25
2026-09-29T10:50:20Z,1790679020.4,p3-E-k3,3,proc,,,,,,,,,,,,,,671,chang0926-a-n64-s3,4350,2298,10,"9-11,73-75",25
2026-09-29T10:51:20Z,1790679080.5,p3-E-k3,3,gpu,NVIDIA A10,23028,13069,100,1485,148.62,72,2275244210,11537375232,25769803776,3,11,12,,,,,,,
2026-09-29T10:51:20Z,1790679080.5,p3-E-k3,3,proc,,,,,,,,,,,,,,403,chang0926-a-n64-s1,4350,2312,12,"9-11,73-75",25
2026-09-29T10:51:20Z,1790679080.5,p3-E-k3,3,proc,,,,,,,,,,,,,,537,chang0926-a-n64-s2,4350,2308,11,"9-11,73-75",25
2026-09-29T10:51:20Z,1790679080.5,p3-E-k3,3,proc,,,,,,,,,,,,,,671,chang0926-a-n64-s3,4350,2299,11,"9-11,73-75",25
2026-09-29T10:52:20Z,1790679140.6,p3-E-k3,3,gpu,NVIDIA A10,23028,13069,100,1470,149.40,72,2375895515,11544182784,25769803776,3,12,13,,,,,,,
2026-09-29T10:52:20Z,1790679140.6,p3-E-k3,3,proc,,,,,,,,,,,,,,403,chang0926-a-n64-s1,4350,2312,13,"9-11,73-75",25
2026-09-29T10:52:20Z,1790679140.6,p3-E-k3,3,proc,,,,,,,,,,,,,,537,chang0926-a-n64-s2,4350,2311,12,"9-11,73-75",25
2026-09-29T10:52:20Z,1790679140.6,p3-E-k3,3,proc,,,,,,,,,,,,,,671,chang0926-a-n64-s3,4350,2301,12,"9-11,73-75",25
2026-09-29T10:53:20Z,1790679200.7,p3-E-k3,3,gpu,NVIDIA A10,23028,13069,100,1515,150.28,72,2476717873,11546071040,25769803776,3,13,14,,,,,,,
2026-09-29T10:53:20Z,1790679200.7,p3-E-k3,3,proc,,,,,,,,,,,,,,403,chang0926-a-n64-s1,4350,2313,14,"9-11,73-75",25
2026-09-29T10:53:20Z,1790679200.7,p3-E-k3,3,proc,,,,,,,,,,,,,,537,chang0926-a-n64-s2,4350,2311,13,"9-11,73-75",25
2026-09-29T10:53:20Z,1790679200.7,p3-E-k3,3,proc,,,,,,,,,,,,,,671,chang0926-a-n64-s3,4350,2301,13,"9-11,73-75",25
2026-09-29T10:54:20Z,1790679260.8,p3-E-k3,3,gpu,NVIDIA A10,23028,13069,99,1500,149.75,72,2576472105,11548381184,25769803776,3,14,14,,,,,,,
2026-09-29T10:54:20Z,1790679260.8,p3-E-k3,3,proc,,,,,,,,,,,,,,403,chang0926-a-n64-s1,4350,2313,14,"9-11,73-75",25
2026-09-29T10:54:20Z,1790679260.8,p3-E-k3,3,proc,,,,,,,,,,,,,,537,chang0926-a-n64-s2,4350,2311,14,"9-11,73-75",25
2026-09-29T10:54:20Z,1790679260.8,p3-E-k3,3,proc,,,,,,,,,,,,,,671,chang0926-a-n64-s3,4350,2303,14,"9-11,73-75",25
2026-09-29T10:55:20Z,1790679320.9,p3-E-k3,3,gpu,NVIDIA A10,23028,13069,100,1470,150.89,72,2676967936,11551297536,25769803776,3,15,15,,,,,,,
2026-09-29T10:55:20Z,1790679320.9,p3-E-k3,3,proc,,,,,,,,,,,,,,403,chang0926-a-n64-s1,4350,2313,15,"9-11,73-75",25
2026-09-29T10:55:20Z,1790679320.9,p3-E-k3,3,proc,,,,,,,,,,,,,,537,chang0926-a-n64-s2,4350,2312,15,"9-11,73-75",25
2026-09-29T10:55:20Z,1790679320.9,p3-E-k3,3,proc,,,,,,,,,,,,,,671,chang0926-a-n64-s3,4350,2303,15,"9-11,73-75",25
2026-09-29T10:56:20Z,1790679381.0,p3-E-k3,3,gpu,NVIDIA A10,23028,13069,100,1485,149.68,72,2776288740,11550437376,25769803776,3,15,16,,,,,,,
2026-09-29T10:56:20Z,1790679381.0,p3-E-k3,3,proc,,,,,,,,,,,,,,403,chang0926-a-n64-s1,4350,2315,16,"9-11,73-75",25
2026-09-29T10:56:20Z,1790679381.0,p3-E-k3,3,proc,,,,,,,,,,,,,,537,chang0926-a-n64-s2,4350,2312,15,"9-11,73-75",25
2026-09-29T10:56:20Z,1790679381.0,p3-E-k3,3,proc,,,,,,,,,,,,,,671,chang0926-a-n64-s3,4350,2303,15,"9-11,73-75",25
2026-09-29T10:57:21Z,1790679441.1,p3-E-k3,3,gpu,NVIDIA A10,23028,13069,100,1470,149.59,72,2876552974,11554058240,25769803776,3,16,17,,,,,,,
2026-09-29T10:57:21Z,1790679441.1,p3-E-k3,3,proc,,,,,,,,,,,,,,403,chang0926-a-n64-s1,4350,2315,17,"9-11,73-75",25
2026-09-29T10:57:21Z,1790679441.1,p3-E-k3,3,proc,,,,,,,,,,,,,,537,chang0926-a-n64-s2,4350,2312,16,"9-11,73-75",25
2026-09-29T10:57:21Z,1790679441.1,p3-E-k3,3,proc,,,,,,,,,,,,,,671,chang0926-a-n64-s3,4350,2304,16,"9-11,73-75",25
2026-09-29T10:58:21Z,1790679501.2,p3-E-k3,3,gpu,NVIDIA A10,23028,13069,100,1455,149.62,72,2977874443,11558449152,25769803776,3,17,18,,,,,,,
2026-09-29T10:58:21Z,1790679501.2,p3-E-k3,3,proc,,,,,,,,,,,,,,403,chang0926-a-n64-s1,4350,2318,18,"9-11,73-75",25
2026-09-29T10:58:21Z,1790679501.2,p3-E-k3,3,proc,,,,,,,,,,,,,,537,chang0926-a-n64-s2,4350,2313,17,"9-11,73-75",25
2026-09-29T10:58:21Z,1790679501.2,p3-E-k3,3,proc,,,,,,,,,,,,,,671,chang0926-a-n64-s3,4350,2304,17,"9-11,73-75",25
2026-09-29T10:59:21Z,1790679561.3,p3-E-k3,3,gpu,NVIDIA A10,23028,13069,100,1530,148.15,72,3078021730,11560824832,25769803776,3,18,18,,,,,,,
2026-09-29T10:59:21Z,1790679561.3,p3-E-k3,3,proc,,,,,,,,,,,,,,403,chang0926-a-n64-s1,4350,2318,18,"9-11,73-75",25
2026-09-29T10:59:21Z,1790679561.3,p3-E-k3,3,proc,,,,,,,,,,,,,,537,chang0926-a-n64-s2,4350,2313,18,"9-11,73-75",25
2026-09-29T10:59:21Z,1790679561.3,p3-E-k3,3,proc,,,,,,,,,,,,,,671,chang0926-a-n64-s3,4350,2305,18,"9-11,73-75",25
2026-09-29T11:00:21Z,1790679621.4,p3-E-k3,3,gpu,NVIDIA A10,23028,13069,100,1545,149.52,72,3178249945,11567431680,25769803776,3,19,19,,,,,,,
2026-09-29T11:00:21Z,1790679621.4,p3-E-k3,3,proc,,,,,,,,,,,,,,403,chang0926-a-n64-s1,4350,2319,19,"9-11,73-75",25
2026-09-29T11:00:21Z,1790679621.4,p3-E-k3,3,proc,,,,,,,,,,,,,,537,chang0926-a-n64-s2,4350,2314,19,"9-11,73-75",25
2026-09-29T11:00:21Z,1790679621.4,p3-E-k3,3,proc,,,,,,,,,,,,,,671,chang0926-a-n64-s3,4350,2308,19,"9-11,73-75",25
2026-09-29T11:01:21Z,1790679681.5,p3-E-k3,3,gpu,NVIDIA A10,23028,13069,97,1680,142.16,72,3286501006,11566993408,25769803776,3,19,19,,,,,,,
2026-09-29T11:01:21Z,1790679681.5,p3-E-k3,3,proc,,,,,,,,,,,,,,403,chang0926-a-n64-s1,4350,2319,19,"9-11,73-75",25
2026-09-29T11:01:21Z,1790679681.5,p3-E-k3,3,proc,,,,,,,,,,,,,,537,chang0926-a-n64-s2,4350,2314,19,"9-11,73-75",25
2026-09-29T11:01:21Z,1790679681.5,p3-E-k3,3,proc,,,,,,,,,,,,,,671,chang0926-a-n64-s3,4350,2308,19,"9-11,73-75",25
2026-09-29T11:02:21Z,1790679741.5,p3-E-k3,3,gpu,NVIDIA A10,23028,13069,100,1530,149.59,71,3419641068,11568799744,25769803776,3,19,20,,,,,,,
2026-09-29T11:02:21Z,1790679741.5,p3-E-k3,3,proc,,,,,,,,,,,,,,403,chang0926-a-n64-s1,4350,2321,20,"9-11,73-75",25
2026-09-29T11:02:21Z,1790679741.5,p3-E-k3,3,proc,,,,,,,,,,,,,,537,chang0926-a-n64-s2,4350,2314,19,"9-11,73-75",25
2026-09-29T11:02:21Z,1790679741.5,p3-E-k3,3,proc,,,,,,,,,,,,,,671,chang0926-a-n64-s3,4350,2308,19,"9-11,73-75",25
2026-09-29T11:03:21Z,1790679801.6,p3-E-k3,3,gpu,NVIDIA A10,23028,8714,0,1695,104.35,69,3512231999,10422497280,25769803776,2,21,21,,,,,,,
2026-09-29T11:03:21Z,1790679801.6,p3-E-k3,3,proc,,,,,,,,,,,,,,537,chang0926-a-n64-s2,4350,2386,21,"9-11,73-75",35
2026-09-29T11:03:21Z,1790679801.6,p3-E-k3,3,proc,,,,,,,,,,,,,,671,chang0926-a-n64-s3,4350,2310,21,"9-11,73-75",25
2026-09-29T11:04:21Z,1790679861.7,p4-A07-k1,1,gpu,NVIDIA A10,23028,1285,0,1695,94.33,59,3575409971,8623427584,25769803776,1,0,0,,,,,,,
2026-09-29T11:04:21Z,1790679861.7,p4-A07-k1,1,proc,,,,,,,,,,,,,,2684,chang0926-c-n64-s1,1276,1834,0,9-10,29
2026-09-29T11:05:21Z,1790679921.8,p4-A07-k1,1,gpu,NVIDIA A10,23028,2309,54,1680,128.96,62,3628035741,8900878336,25769803776,1,0,0,,,,,,,
2026-09-29T11:05:21Z,1790679921.8,p4-A07-k1,1,proc,,,,,,,,,,,,,,2684,chang0926-c-n64-s1,2300,2087,0,9-10,24
2026-09-29T11:06:21Z,1790679981.9,p4-A07-k1,1,gpu,NVIDIA A10,23028,8455,100,1410,150.43,67,3667270247,9068199936,25769803776,1,0,0,,,,,,,
2026-09-29T11:06:21Z,1790679981.9,p4-A07-k1,1,proc,,,,,,,,,,,,,,2684,chang0926-c-n64-s1,8446,2254,0,9-10,25
2026-09-29T11:07:21Z,1790680042.0,p4-A07-k1,1,gpu,NVIDIA A10,23028,8455,0,1695,97.84,64,3714897902,9140469760,25769803776,1,0,0,,,,,,,
2026-09-29T11:07:21Z,1790680042.0,p4-A07-k1,1,proc,,,,,,,,,,,,,,2684,chang0926-c-n64-s1,8446,2324,0,9-10,31
2026-09-29T11:08:22Z,1790680102.0,p4-A07-k1,1,gpu,NVIDIA A10,23028,8455,99,1500,149.37,68,3753401753,9220853760,25769803776,1,2,2,,,,,,,
2026-09-29T11:08:22Z,1790680102.0,p4-A07-k1,1,proc,,,,,,,,,,,,,,2684,chang0926-c-n64-s1,8446,2398,2,9-10,25
2026-09-29T11:09:22Z,1790680162.1,p4-A07-k1,1,gpu,NVIDIA A10,23028,8455,99,1425,149.54,70,3786910750,9232498688,25769803776,1,3,3,,,,,,,
2026-09-29T11:09:22Z,1790680162.1,p4-A07-k1,1,proc,,,,,,,,,,,,,,2684,chang0926-c-n64-s1,8446,2407,3,9-10,25
2026-09-29T11:10:22Z,1790680222.2,p4-A07-k1,1,gpu,NVIDIA A10,23028,8455,99,1485,150.56,70,3821179273,9234649088,25769803776,1,5,5,,,,,,,
2026-09-29T11:10:22Z,1790680222.2,p4-A07-k1,1,proc,,,,,,,,,,,,,,2684,chang0926-c-n64-s1,8446,2414,5,9-10,25
2026-09-29T11:11:22Z,1790680282.3,p4-A07-k1,1,gpu,NVIDIA A10,23028,8455,100,1410,150.43,71,3854413520,9235910656,25769803776,1,6,6,,,,,,,
2026-09-29T11:11:22Z,1790680282.3,p4-A07-k1,1,proc,,,,,,,,,,,,,,2684,chang0926-c-n64-s1,8446,2414,6,9-10,25
2026-09-29T11:12:22Z,1790680342.4,p4-A07-k1,1,gpu,NVIDIA A10,23028,8455,100,1395,149.26,71,3887976461,9240141824,25769803776,1,8,8,,,,,,,
2026-09-29T11:12:22Z,1790680342.4,p4-A07-k1,1,proc,,,,,,,,,,,,,,2684,chang0926-c-n64-s1,8446,2415,8,9-10,25
2026-09-29T11:13:22Z,1790680402.5,p4-A07-k1,1,gpu,NVIDIA A10,23028,8455,100,1500,150.37,71,3921158684,9228435456,25769803776,1,9,9,,,,,,,
2026-09-29T11:13:22Z,1790680402.5,p4-A07-k1,1,proc,,,,,,,,,,,,,,2684,chang0926-c-n64-s1,8446,2396,9,9-10,25
2026-09-29T11:14:22Z,1790680462.5,p4-A07-k1,1,gpu,NVIDIA A10,23028,8455,22,1680,109.32,68,3964903213,9228435456,25769803776,1,9,9,,,,,,,
2026-09-29T11:14:22Z,1790680462.5,p4-A07-k1,1,proc,,,,,,,,,,,,,,2684,chang0926-c-n64-s1,8446,2396,9,9-10,25
2026-09-29T11:15:22Z,1790680522.6,p4-A07-k1,1,gpu,NVIDIA A10,23028,8455,100,1380,149.70,69,4000501057,9233022976,25769803776,1,11,11,,,,,,,
2026-09-29T11:15:22Z,1790680522.6,p4-A07-k1,1,proc,,,,,,,,,,,,,,2684,chang0926-c-n64-s1,8446,2398,11,9-10,25
2026-09-29T11:16:22Z,1790680582.7,p4-A07-k1,1,gpu,NVIDIA A10,23028,8455,99,1470,150.82,70,4033522982,9235292160,25769803776,1,12,12,,,,,,,
2026-09-29T11:16:22Z,1790680582.7,p4-A07-k1,1,proc,,,,,,,,,,,,,,2684,chang0926-c-n64-s1,8446,2399,12,9-10,25
2026-09-29T11:17:22Z,1790680642.8,p4-A07-k1,1,gpu,NVIDIA A10,23028,8455,100,1425,148.63,70,4067476471,9242025984,25769803776,1,14,14,,,,,,,
2026-09-29T11:17:22Z,1790680642.8,p4-A07-k1,1,proc,,,,,,,,,,,,,,2684,chang0926-c-n64-s1,8446,2403,14,9-10,25
2026-09-29T11:18:22Z,1790680702.9,p4-A07-k1,1,gpu,NVIDIA A10,23028,8455,100,1515,150.84,71,4100889091,9243029504,25769803776,1,15,15,,,,,,,
2026-09-29T11:18:22Z,1790680702.9,p4-A07-k1,1,proc,,,,,,,,,,,,,,2684,chang0926-c-n64-s1,8446,2403,15,9-10,25
2026-09-29T11:19:23Z,1790680763.0,p4-A07-k1,1,gpu,NVIDIA A10,23028,8455,99,1425,151.09,71,4134578916,9247363072,25769803776,1,17,17,,,,,,,
2026-09-29T11:19:23Z,1790680763.0,p4-A07-k1,1,proc,,,,,,,,,,,,,,2684,chang0926-c-n64-s1,8446,2405,17,9-10,25
2026-09-29T11:20:23Z,1790680823.1,p4-A07-k1,1,gpu,NVIDIA A10,23028,8455,100,1425,150.90,71,4167908453,9248464896,25769803776,1,18,18,,,,,,,
2026-09-29T11:20:23Z,1790680823.1,p4-A07-k1,1,proc,,,,,,,,,,,,,,2684,chang0926-c-n64-s1,8446,2405,18,9-10,25
2026-09-29T11:21:23Z,1790680883.2,p4-A07-k1,1,gpu,NVIDIA A10,23028,8455,53,1680,135.60,70,4201874851,9249648640,25769803776,1,19,19,,,,,,,
2026-09-29T11:21:23Z,1790680883.2,p4-A07-k1,1,proc,,,,,,,,,,,,,,2684,chang0926-c-n64-s1,8446,2405,19,9-10,25
2026-09-29T11:22:23Z,1790680943.3,p4-A07-k1,1,gpu,NVIDIA A10,23028,8455,100,1440,150.28,68,4247661985,9253982208,25769803776,1,20,20,,,,,,,
2026-09-29T11:22:23Z,1790680943.3,p4-A07-k1,1,proc,,,,,,,,,,,,,,2684,chang0926-c-n64-s1,8446,2407,20,9-10,25
2026-09-29T11:23:19Z,1790680999.9,idle,0,gpu,NVIDIA A10,23028,0,0,210,29.55,57,4278294259,7929860096,25769803776,0,,,,,,,,,
